{
  "caboimage-astro/astro.config.mjs": 1776313906.2461357,
  "caboimage-astro/tailwind.config.mjs": 1776306803.7848494,
  "caboimage-astro/src/env.d.ts": 1776306829.1851983,
  "caboimage-astro/src/content/config.ts": 1776313798.0064914,
  "caboimage-astro/src/pages/sitemap.xml.ts": 1776313920.7188425,
  "caboimage-astro/README.md": 1776307485.374022,
  "caboimage-astro/public/robots.txt": 1776307454.254147,
  "caboimage-astro/src/content/blog/los-cabos-wedding-planning-guide.mdx": 1776307048.0628798,
  "caboimage-astro/src/content/blog/how-to-choose-wedding-photographer-los-cabos.mdx": 1776307021.079205,
  "caboimage-astro/src/content/blog/best-wedding-venues-los-cabos.mdx": 1776306993.0242314,
  "caboimage-astro/src/content/services/wedding-photography.md": 1776306873.835054,
  "caboimage-astro/src/content/services/fine-art-photography.md": 1776306934.5819392,
  "caboimage-astro/src/content/services/advertising-photography.md": 1776306948.9041107,
  "caboimage-astro/src/content/services/portrait-photography.md": 1776306890.2540684,
  "caboimage-astro/src/content/services/commercial-travel-photography.md": 1776306964.8786678,
  "caboimage-astro/src/content/services/architecture-photography.md": 1776306919.8955684,
  "caboimage-astro/src/content/services/real-estate-photography.md": 1776306906.6430929,
  "obsidian-vault/README.md": 1776306615.6072314,
  "obsidian-vault/05-Contenido/Copy-Homepage.md": 1776306600.224385,
  "obsidian-vault/01-Brand/Identidad-de-Marca.md": 1776306373.1044009,
  "obsidian-vault/06-SEO/SEO-Strategy.md": 1776306468.2059739,
  "obsidian-vault/04-Nuevo-Sitio/Arquitectura.md": 1776306444.264158,
  "obsidian-vault/03-Servicios/Wedding-Photography.md": 1776306414.25897,
  "obsidian-vault/03-Servicios/Overview-Servicios.md": 1776306388.2792914,
  "obsidian-vault/02-Sitio-Actual/Auditoria-Completa.md": 1776306310.0250077,
  "obsidian-vault/02-Sitio-Actual/Problemas-y-Oportunidades.md": 1776306333.2587605,
  "obsidian-vault/02-Sitio-Actual/Tech-Stack-Actual.md": 1776306350.754121,
  "obsidian-vault/00-INDEX/MOC-Principal.md": 1776306275.7593396,
  "obsidian-vault/assets/graphity.html": 1776306578.640456,
  "obsidian-vault/07-Astro-Dev/Setup-Inicial.md": 1776306491.6503248,
  "graphify-out/graph.html": 1776816818.8867197,
  "graphify-out/GRAPH_REPORT.md": 1776816818.8106425,
  "caboimage-astro/public/favicon.svg": 1776307462.659716
}